id,part_number_length_3,manufacturer_no_space_length_3,name,manufacturer_first_letter,bip_39_word_no_space_1,bip_39_word_no_space_4,part_number_first_letter,part_number_no_space_upper_length_1,type_length_2,bip_39_word_new_br_12,type_no_space_upper_length_5,bip_39_word_new_line_4,name_no_type,id_no_type,bip_39_word_dash_9,description_main_no_space_length_3,manufacturer_length_4,manufacturer_no_space_length_6,classification_no_space_upper_length_3,manufacturer_length_2,part_number,bip_39_word_dash_8,bip_39_word_underscore_8,classification_upper_length_5,part_number_length_4,description_main_length_6,type_upper_length_1,bip_39_word_new_line_12,name_no_size_short,type_upper_length_6,part_number_upper_length_5,manufacturer_length_5,manufacturer_no_space_length_5,bip_39_word_new_br_2,type_no_space_length_4,classification_upper_length_2,classification_upper_length_6,type_no_space_upper_length_1,description_main_upper_length_6,classification_length_2,classification_no_space_length_1,bip_39_word_underscore_5,classification,bip_39_word_space_1,part_number_upper_length_6,classification_upper_length_1,color_first_letter,part_number_no_space_length_6,type_upper_length_3,part_number_no_space_upper_length_4,part_number_upper_length_2,type_no_space_length_5,description_main_no_space_upper_length_3,type_upper_length_2,description_main_upper_length_5,classification_no_space_length_2,part_number_first_letter_upper,classification_no_space_length_5,bip_39_word_dash_7,description_extra,bip_39_word_new_line_2,description_extra_upper,manufacturer_no_space_upper_length_5,color_first_letter_upper,bip_39_word_new_line_5,manufacturer_upper_length_2,bip_39_word_underscore_2,part_number_no_space_length_2,md5_6_upper,short_code_upper,classification_no_space_upper_length_5,bip_39_word_new_br_5,classification_upper_length_3,part_number_exact,bip_39_word_new_line_10,type_upper_length_5,type_no_space_length_6,bip_39_word_no_space_12,type_upper,id_no_color,description_main_no_space_length_5,bip_39_word_new_line_9,directory,part_number_no_space_upper_length_5,manufacturer_no_space_upper_length_2,part_number_no_space_length_5,bip_39_word_no_space_9,classification_first_letter_upper,classification_name,bip_39_word_no_space_8,part_number_upper,size_first_letter,type_no_space_length_1,type_upper_length_4,description_main_no_space_length_4,part_number_no_space_length_4,bip_39_word_space_0,oomp_key,bip_39_word_space_5,description_main_no_space_length_1,md5_6,classification_length_6,description_main_upper_length_1,part_number_no_space_length_3,part_number_no_space_upper_length_3,size_first_letter_upper,name_no_size,color,type_length_1,description_main_no_space_upper_length_5,description_main_no_space_length_6,description_main_no_space_upper_length_1,classification_capital,type_length_4,type_no_space_upper_length_2,bip_39_word_new_br_10,bip_39_word_space_9,manufacturer_upper_length_1,bip_39_word_dash_3,description_main_upper_length_3,manufacturer_no_space_upper_length_4,bip_39_word_new_br_9,bip_39_word_no_space_11,description_main_length_1,bip_39_word_dash_10,classification_no_space_length_6,md5_6_alpha_upper,color_name,part_number_length_2,bip_39_word_no_space_2,bip_39_word_space_6,bip_39_word_space_11,bip_39_word_no_space_6,bip_39_word_new_br_11,manufacturers,description_main_no_space_upper_length_6,description_or_color_upper,description_main_upper,manufacturer_no_space_upper_length_6,bip_39_word_dash_11,size,bip_39_word_underscore_7,description_main_upper_length_4,oomp_word_emoji_list,classification_no_space_upper_length_2,description_main_length_3,description_main_capital,description_main_no_space_upper_length_4,manufacturer_no_space_length_4,classification_no_space_upper_length_4,description_only_numbers_short,part_number_length_6,manufacturer,bip_39_word_new_br_4,bip_39_word_space_8,type_capital,oomp_word_list,size_capital,description_main_length_4,part_number_name,bip_39_word_new_line_6,manufacturer_upper_length_3,description_main_upper_length_2,part_number_upper_length_3,bip_39_word_new_line_1,id_no_class,bip_39_word_underscore_4,part_number_no_space_upper_length_6,description_main_first_letter,md5,bip_39_word_no_space_10,type_length_3,bip_39_word_new_br_8,bip_39_word_underscore_9,manufacturer_name,bip_39_word_underscore_11,manufacturer_upper_length_4,classification_first_letter,type_no_space_upper_length_3,description_main_no_space_length_2,md5_5,id,md5_10_upper,type_no_space_length_3,bip_39_word_new_line_3,description_main_first_letter_upper,classification_no_space_upper_length_6,color_capital,manufacturer_no_space_upper_length_1,bip_39_word_dash_2,classification_length_4,markdown_short,markdown_full,description_extra_capital,part_number_no_space_length_1,size_only_numbers_no_zeros,type_no_space_upper_length_6,distributors,description_extra_first_letter,bip_39_word_space_3,part_number_no_space_upper_length_2,bip_39_word_no_space_5,classification_no_space_length_3,manufacturer_no_space_length_1,md5_10,type_length_5,manufacturer_length_3,classification_length_1,manufacturer_upper,bip_39_word_underscore_1,id_no_size,size_upper,description_main_no_space_upper_length_2,bip_39_word_space_4,description_main,bip_39_word_new_br_3,bip_39_word_space_10,bip_39_word_space_2,bip_39_word_underscore_6,classification_no_space_length_4,description_main_length_2,manufacturer_capital,manufacturer_upper_length_6,oomp_word_emoji,part_number_upper_length_4,bip_39_word_space_12,type,type_length_6,type_name,size_only_numbers,description_main_length_5,classification_no_space_upper_length_1,manufacturer_length_1,bip_39_word_new_br_6,description_or_color,bip_39_word_new_line_11,part_number_length_1,md5_6_alpha,bip_39_word_dash_4,description_only_numbers,classification_length_3,link_short_2,manufacturer_length_6,part_number_upper_length_1,bip_39_word_dash_5,bip_39_word_dash_6,github_link,description_extra_name,link_short_1,name_no_color,bip_39_word_underscore_10,bip_39_word_dash_1,bip_39_word_no_space_7,link_short_3,type_first_letter_upper,bip_39_word_underscore_3,description_extra_first_letter_upper,short_code,manufacturer_upper_length_5,size_name,type_first_letter,bip_39_word_space_7,classification_upper_length_4,bip_39_word_new_br_1,link_main,manufacturer_first_letter_upper,bip_39_word_new_line_7,bip_39_word_new_br_7,bip_39_word_no_space_3,bip_39_word_underscore_12,description_main_name,name_no_class,classification_upper,oomp_word,type_no_space_length_2,color_upper,part_number_length_5,type_no_space_upper_length_4,md5_5_upper,bip_39_word_dash_12,bip_39_word_new_line_8,classification_length_5,part_number_capital,manufacturer_no_space_upper_length_3,manufacturer_no_space_length_2
storage_jar_clip_top_kilner_1000_ml_capacity_110_mm_diameter_180_mm_depth_kilner_0025_491,002,kil,Storage Jar Clip Top Kilner 1000 Ml Capacity 110 mm Diameter 180 mm Depth Kilner 0025 491,k,nominee,nomineefatigueessencesustain,0,0,ja,nominee<br>fatigue<br>essence<br>sustain<br>fortune<br>inflict<br>visit<br>veteran<br>meadow<br>supreme<br>left<br>all,JARCL,"nominee
fatigue
essence
sustain",1000 Ml Capacity 110 mm Diameter 180 mm Depth Kilner 0025 491,1000_ml_capacity_110_mm_diameter_180_mm_depth_kilner_0025_491,nominee-fatigue-essence-sustain-fortune-inflict-visit-veteran-meadow,100,kiln,kilner,STO,ki,0025_491,nominee-fatigue-essence-sustain-fortune-inflict-visit-veteran,nominee_fatigue_essence_sustain_fortune_inflict_visit_veteran,STORA,0025,1000_m,J,"nominee
fatigue
essence
sustain
fortune
inflict
visit
veteran
meadow
supreme
left
all",1000Mlcapacity110Mmdiameter180Mmdepthkilner0025491,JAR_CL,0025_,kilne,kilne,nominee<br>fatigue,jarc,ST,STORAG,J,1000_M,st,s,nominee_fatigue_essence_sustain_fortune,storage,nominee,0025_4,S,,002549,JAR,0025,00,jarcl,100,JA,1000_,st,0,stora,nominee-fatigue-essence-sustain-fortune-inflict-visit,,"nominee
fatigue",,KILNE,,"nominee
fatigue
essence
sustain
fortune",KI,nominee_fatigue,00,66FE76,,STORA,nominee<br>fatigue<br>essence<br>sustain<br>fortune,STO,0025.491,"nominee
fatigue
essence
sustain
fortune
inflict
visit
veteran
meadow
supreme",JAR_C,jarcli,nomineefatigueessencesustainfortuneinflictvisitveteranmeadowsupremeleftall,JAR_CLIP_TOP_KILNER,1000mlcapacity110mmdiameter180mmdepthkilner0025491,1000m,"nominee
fatigue
essence
sustain
fortune
inflict
visit
veteran
meadow",parts/storage_jar_clip_top_kilner_1000_ml_capacity_110_mm_diameter_180_mm_depth_kilner_0025_491,00254,KI,00254,nomineefatigueessencesustainfortuneinflictvisitveteranmeadow,S,Storage,nomineefatigueessencesustainfortuneinflictvisitveteran,0025_491,,j,JAR_,1000,0025,"['nominee', 'fatigue', 'essence', 'sustain', 'fortune', 'inflict', 'visit', 'veteran', 'meadow', 'supreme', 'left', 'all']",oomp_storage_jar_clip_top_kilner_1000_ml_capacity_110_mm_diameter_180_mm_depth_kilner_0025_491,nominee fatigue essence sustain fortune,1,66fe76,storag,1,002,002,,1000Mlcapacity110mmdiameter180mmdepthkilner0025491,,j,1000M,1000ml,1,Storage,jar_,JA,nominee<br>fatigue<br>essence<br>sustain<br>fortune<br>inflict<br>visit<br>veteran<br>meadow<br>supreme,nominee fatigue essence sustain fortune inflict visit veteran meadow,K,nominee-fatigue-essence,100,KILN,nominee<br>fatigue<br>essence<br>sustain<br>fortune<br>inflict<br>visit<br>veteran<br>meadow,nomineefatigueessencesustainfortuneinflictvisitveteranmeadowsupremeleft,1,nominee-fatigue-essence-sustain-fortune-inflict-visit-veteran-meadow-supreme,storag,40O6U,,00,nomineefatigue,nominee fatigue essence sustain fortune inflict,nominee fatigue essence sustain fortune inflict visit veteran meadow supreme left,nomineefatigueessencesustainfortuneinflict,nominee<br>fatigue<br>essence<br>sustain<br>fortune<br>inflict<br>visit<br>veteran<br>meadow<br>supreme<br>left,[],1000ML,1M,1000_ML_CAPACITY_110_MM_DIAMETER_180_MM_DEPTH,KILNER,nominee-fatigue-essence-sustain-fortune-inflict-visit-veteran-meadow-supreme-left,,nominee_fatigue_essence_sustain_fortune_inflict_visit,1000,"[':leaves:', ':recycle:', ':santa:']",ST,100,1000 Ml Capacity 110 mm Diameter 180 mm Depth,1000,kiln,STOR,1M,0025_4,kilner,nominee<br>fatigue<br>essence<br>sustain,nominee fatigue essence sustain fortune inflict visit veteran,Jar Clip Top Kilner,"['leaves', 'recycle', 'santa']",,1000,0025 491,"nominee
fatigue
essence
sustain
fortune
inflict",KIL,10,002,nominee,jar_clip_top_kilner_1000_ml_capacity_110_mm_diameter_180_mm_depth_kilner_0025_491,nominee_fatigue_essence_sustain,002549,1,66fe767c4df33e99cdadcdae9a94f4af,nomineefatigueessencesustainfortuneinflictvisitveteranmeadowsupreme,jar,nominee<br>fatigue<br>essence<br>sustain<br>fortune<br>inflict<br>visit<br>veteran,nominee_fatigue_essence_sustain_fortune_inflict_visit_veteran_meadow,Kilner,nominee_fatigue_essence_sustain_fortune_inflict_visit_veteran_meadow_supreme_left,KILN,s,JAR,10,66fe7,storage_jar_clip_top_kilner_1000_ml_capacity_110_mm_diameter_180_mm_depth_kilner_0025_491,66FE767C4D,jar,"nominee
fatigue
essence",1,STORAG,,K,nominee-fatigue,stor,[storage_jar_clip_top_kilner_1000_ml_capacity_110_mm_diameter_180_mm_depth_kilner_0025_491](https://github.com/oomlout/oomlout_oomp_current_version_messy/tree/main/parts/storage_jar_clip_top_kilner_1000_ml_capacity_110_mm_diameter_180_mm_depth_kilner_0025_491)<br><br>,[storage_jar_clip_top_kilner_1000_ml_capacity_110_mm_diameter_180_mm_depth_kilner_0025_491](https://github.com/oomlout/oomlout_oomp_current_version_messy/tree/main/parts/storage_jar_clip_top_kilner_1000_ml_capacity_110_mm_diameter_180_mm_depth_kilner_0025_491)<br>[](https://github.com/oomlout/oomlout_oomp_current_version_messy/tree/main/parts/storage_jar_clip_top_kilner_1000_ml_capacity_110_mm_diameter_180_mm_depth_kilner_0025_491)<br>[Storage Jar Clip Top Kilner 1000 Ml Capacity 110 Mm Diameter 180 Mm Depth Kilner 0025 491](https://github.com/oomlout/oomlout_oomp_current_version_messy/tree/main/parts/storage_jar_clip_top_kilner_1000_ml_capacity_110_mm_diameter_180_mm_depth_kilner_0025_491)<br><br>,,0,,JARCLI,[],,nominee fatigue essence,00,nomineefatigueessencesustainfortune,sto,k,66fe767c4d,jar_c,kil,s,KILNER,nominee,1000mlcapacity110mmdiameter180mmdepthkilner0025491,,10,nominee fatigue essence sustain,1000_ml_capacity_110_mm_diameter_180_mm_depth,nominee<br>fatigue<br>essence,nominee fatigue essence sustain fortune inflict visit veteran meadow supreme,nominee fatigue,nominee_fatigue_essence_sustain_fortune_inflict,stor,10,Kilner,KILNER,:leaves: :recycle: :santa:,0025,nominee fatigue essence sustain fortune inflict visit veteran meadow supreme left all,jar_clip_top_kilner,jar_cl,Jar Clip Top Kilner,,1000_,S,k,nominee<br>fatigue<br>essence<br>sustain<br>fortune<br>inflict,1M,"nominee
fatigue
essence
sustain
fortune
inflict
visit
veteran
meadow
supreme
left",0,40o6u,nominee-fatigue-essence-sustain,1000110180,sto,kilner1l,kilner,0,nominee-fatigue-essence-sustain-fortune,nominee-fatigue-essence-sustain-fortune-inflict,https://github.com/oomlout/oomlout_oomp_part_src/tree/main/parts/storage_jar_clip_top_kilner_1000_ml_capacity_110_mm_diameter_180_mm_depth_kilner_0025_491,,kilner_1_litre,1000Mlcapacity110mmdiameter180mmdepthkilner0025491,nominee_fatigue_essence_sustain_fortune_inflict_visit_veteran_meadow_supreme,nominee,nomineefatigueessencesustainfortuneinflictvisit,kilner1liter,J,nominee_fatigue_essence,,,KILNE,,j,nominee fatigue essence sustain fortune inflict visit,STOR,nominee,https://github.com/oomlout/oomlout_oomp_current_version_messy/tree/main/parts/storage_jar_clip_top_kilner_1000_ml_capacity_110_mm_diameter_180_mm_depth_kilner_0025_491,K,"nominee
fatigue
essence
sustain
fortune
inflict
visit",nominee<br>fatigue<br>essence<br>sustain<br>fortune<br>inflict<br>visit,nomineefatigueessence,nominee_fatigue_essence_sustain_fortune_inflict_visit_veteran_meadow_supreme_left_all,1000 Ml Capacity 110 mm Diameter 180 mm Depth,Jar Clip Top Kilner 1000 Ml Capacity 110 mm Diameter 180 mm Depth Kilner 0025 491,STORAGE,leaves recycle santa,ja,,0025_,JARC,66FE7,nominee-fatigue-essence-sustain-fortune-inflict-visit-veteran-meadow-supreme-left-all,"nominee
fatigue
essence
sustain
fortune
inflict
visit
veteran",stora,0025.491,KIL,ki
storage_jar_clip_top_kilner_1500_ml_capacity_110_mm_diameter_230_mm_depth_kilner_0025_492,002,kil,Storage Jar Clip Top Kilner 1500 Ml Capacity 110 mm Diameter 230 mm Depth Kilner 0025 492,k,cute,cutecardanchorvolcano,0,0,ja,cute<br>card<br>anchor<br>volcano<br>december<br>gown<br>have<br>verify<br>lens<br>absurd<br>coach<br>alley,JARCL,"cute
card
anchor
volcano",1500 Ml Capacity 110 mm Diameter 230 mm Depth Kilner 0025 492,1500_ml_capacity_110_mm_diameter_230_mm_depth_kilner_0025_492,cute-card-anchor-volcano-december-gown-have-verify-lens,150,kiln,kilner,STO,ki,0025_492,cute-card-anchor-volcano-december-gown-have-verify,cute_card_anchor_volcano_december_gown_have_verify,STORA,0025,1500_m,J,"cute
card
anchor
volcano
december
gown
have
verify
lens
absurd
coach
alley",1500Mlcapacity110Mmdiameter230Mmdepthkilner0025492,JAR_CL,0025_,kilne,kilne,cute<br>card,jarc,ST,STORAG,J,1500_M,st,s,cute_card_anchor_volcano_december,storage,cute,0025_4,S,,002549,JAR,0025,00,jarcl,150,JA,1500_,st,0,stora,cute-card-anchor-volcano-december-gown-have,,"cute
card",,KILNE,,"cute
card
anchor
volcano
december",KI,cute_card,00,685940,,STORA,cute<br>card<br>anchor<br>volcano<br>december,STO,0025.492,"cute
card
anchor
volcano
december
gown
have
verify
lens
absurd",JAR_C,jarcli,cutecardanchorvolcanodecembergownhaveverifylensabsurdcoachalley,JAR_CLIP_TOP_KILNER,1500mlcapacity110mmdiameter230mmdepthkilner0025492,1500m,"cute
card
anchor
volcano
december
gown
have
verify
lens",parts/storage_jar_clip_top_kilner_1500_ml_capacity_110_mm_diameter_230_mm_depth_kilner_0025_492,00254,KI,00254,cutecardanchorvolcanodecembergownhaveverifylens,S,Storage,cutecardanchorvolcanodecembergownhaveverify,0025_492,,j,JAR_,1500,0025,"['cute', 'card', 'anchor', 'volcano', 'december', 'gown', 'have', 'verify', 'lens', 'absurd', 'coach', 'alley']",oomp_storage_jar_clip_top_kilner_1500_ml_capacity_110_mm_diameter_230_mm_depth_kilner_0025_492,cute card anchor volcano december,1,685940,storag,1,002,002,,1500Mlcapacity110mmdiameter230mmdepthkilner0025492,,j,1500M,1500ml,1,Storage,jar_,JA,cute<br>card<br>anchor<br>volcano<br>december<br>gown<br>have<br>verify<br>lens<br>absurd,cute card anchor volcano december gown have verify lens,K,cute-card-anchor,150,KILN,cute<br>card<br>anchor<br>volcano<br>december<br>gown<br>have<br>verify<br>lens,cutecardanchorvolcanodecembergownhaveverifylensabsurdcoach,1,cute-card-anchor-volcano-december-gown-have-verify-lens-absurd,storag,42KOW,,00,cutecard,cute card anchor volcano december gown,cute card anchor volcano december gown have verify lens absurd coach,cutecardanchorvolcanodecembergown,cute<br>card<br>anchor<br>volcano<br>december<br>gown<br>have<br>verify<br>lens<br>absurd<br>coach,[],1500ML,1M5,1500_ML_CAPACITY_110_MM_DIAMETER_230_MM_DEPTH,KILNER,cute-card-anchor-volcano-december-gown-have-verify-lens-absurd-coach,,cute_card_anchor_volcano_december_gown_have,1500,"[':mushroom:', ':dragon:', ':racehorse:']",ST,150,1500 Ml Capacity 110 mm Diameter 230 mm Depth,1500,kiln,STOR,1M5,0025_4,kilner,cute<br>card<br>anchor<br>volcano,cute card anchor volcano december gown have verify,Jar Clip Top Kilner,"['mushroom', 'dragon', 'racehorse']",,1500,0025 492,"cute
card
anchor
volcano
december
gown",KIL,15,002,cute,jar_clip_top_kilner_1500_ml_capacity_110_mm_diameter_230_mm_depth_kilner_0025_492,cute_card_anchor_volcano,002549,1,6859404401f2ad35949c5f5a10c8a1b5,cutecardanchorvolcanodecembergownhaveverifylensabsurd,jar,cute<br>card<br>anchor<br>volcano<br>december<br>gown<br>have<br>verify,cute_card_anchor_volcano_december_gown_have_verify_lens,Kilner,cute_card_anchor_volcano_december_gown_have_verify_lens_absurd_coach,KILN,s,JAR,15,68594,storage_jar_clip_top_kilner_1500_ml_capacity_110_mm_diameter_230_mm_depth_kilner_0025_492,6859404401,jar,"cute
card
anchor",1,STORAG,,K,cute-card,stor,[storage_jar_clip_top_kilner_1500_ml_capacity_110_mm_diameter_230_mm_depth_kilner_0025_492](https://github.com/oomlout/oomlout_oomp_current_version_messy/tree/main/parts/storage_jar_clip_top_kilner_1500_ml_capacity_110_mm_diameter_230_mm_depth_kilner_0025_492)<br><br>,[storage_jar_clip_top_kilner_1500_ml_capacity_110_mm_diameter_230_mm_depth_kilner_0025_492](https://github.com/oomlout/oomlout_oomp_current_version_messy/tree/main/parts/storage_jar_clip_top_kilner_1500_ml_capacity_110_mm_diameter_230_mm_depth_kilner_0025_492)<br>[](https://github.com/oomlout/oomlout_oomp_current_version_messy/tree/main/parts/storage_jar_clip_top_kilner_1500_ml_capacity_110_mm_diameter_230_mm_depth_kilner_0025_492)<br>[Storage Jar Clip Top Kilner 1500 Ml Capacity 110 Mm Diameter 230 Mm Depth Kilner 0025 492](https://github.com/oomlout/oomlout_oomp_current_version_messy/tree/main/parts/storage_jar_clip_top_kilner_1500_ml_capacity_110_mm_diameter_230_mm_depth_kilner_0025_492)<br><br>,,0,,JARCLI,[],,cute card anchor,00,cutecardanchorvolcanodecember,sto,k,6859404401,jar_c,kil,s,KILNER,cute,1500mlcapacity110mmdiameter230mmdepthkilner0025492,,15,cute card anchor volcano,1500_ml_capacity_110_mm_diameter_230_mm_depth,cute<br>card<br>anchor,cute card anchor volcano december gown have verify lens absurd,cute card,cute_card_anchor_volcano_december_gown,stor,15,Kilner,KILNER,:mushroom: :dragon: :racehorse:,0025,cute card anchor volcano december gown have verify lens absurd coach alley,jar_clip_top_kilner,jar_cl,Jar Clip Top Kilner,,1500_,S,k,cute<br>card<br>anchor<br>volcano<br>december<br>gown,1M5,"cute
card
anchor
volcano
december
gown
have
verify
lens
absurd
coach",0,42kow,cute-card-anchor-volcano,1500110230,sto,kilner15l,kilner,0,cute-card-anchor-volcano-december,cute-card-anchor-volcano-december-gown,https://github.com/oomlout/oomlout_oomp_part_src/tree/main/parts/storage_jar_clip_top_kilner_1500_ml_capacity_110_mm_diameter_230_mm_depth_kilner_0025_492,,kilner_1_5_litre,1500Mlcapacity110mmdiameter230mmdepthkilner0025492,cute_card_anchor_volcano_december_gown_have_verify_lens_absurd,cute,cutecardanchorvolcanodecembergownhave,kilner15liter,J,cute_card_anchor,,,KILNE,,j,cute card anchor volcano december gown have,STOR,cute,https://github.com/oomlout/oomlout_oomp_current_version_messy/tree/main/parts/storage_jar_clip_top_kilner_1500_ml_capacity_110_mm_diameter_230_mm_depth_kilner_0025_492,K,"cute
card
anchor
volcano
december
gown
have",cute<br>card<br>anchor<br>volcano<br>december<br>gown<br>have,cutecardanchor,cute_card_anchor_volcano_december_gown_have_verify_lens_absurd_coach_alley,1500 Ml Capacity 110 mm Diameter 230 mm Depth,Jar Clip Top Kilner 1500 Ml Capacity 110 mm Diameter 230 mm Depth Kilner 0025 492,STORAGE,mushroom dragon racehorse,ja,,0025_,JARC,68594,cute-card-anchor-volcano-december-gown-have-verify-lens-absurd-coach-alley,"cute
card
anchor
volcano
december
gown
have
verify",stora,0025.492,KIL,ki
storage_jar_clip_top_kilner_3000_ml_capacity_140_mm_diameter_280_mm_depth_kilner_0025_494,002,kil,Storage Jar Clip Top Kilner 3000 Ml Capacity 140 mm Diameter 280 mm Depth Kilner 0025 494,k,elite,eliterandombaseestate,0,0,ja,elite<br>random<br>base<br>estate<br>conduct<br>pair<br>circle<br>sniff<br>attend<br>employ<br>electric<br>afraid,JARCL,"elite
random
base
estate",3000 Ml Capacity 140 mm Diameter 280 mm Depth Kilner 0025 494,3000_ml_capacity_140_mm_diameter_280_mm_depth_kilner_0025_494,elite-random-base-estate-conduct-pair-circle-sniff-attend,300,kiln,kilner,STO,ki,0025_494,elite-random-base-estate-conduct-pair-circle-sniff,elite_random_base_estate_conduct_pair_circle_sniff,STORA,0025,3000_m,J,"elite
random
base
estate
conduct
pair
circle
sniff
attend
employ
electric
afraid",3000Mlcapacity140Mmdiameter280Mmdepthkilner0025494,JAR_CL,0025_,kilne,kilne,elite<br>random,jarc,ST,STORAG,J,3000_M,st,s,elite_random_base_estate_conduct,storage,elite,0025_4,S,,002549,JAR,0025,00,jarcl,300,JA,3000_,st,0,stora,elite-random-base-estate-conduct-pair-circle,,"elite
random",,KILNE,,"elite
random
base
estate
conduct",KI,elite_random,00,488ED2,,STORA,elite<br>random<br>base<br>estate<br>conduct,STO,0025.494,"elite
random
base
estate
conduct
pair
circle
sniff
attend
employ",JAR_C,jarcli,eliterandombaseestateconductpaircirclesniffattendemployelectricafraid,JAR_CLIP_TOP_KILNER,3000mlcapacity140mmdiameter280mmdepthkilner0025494,3000m,"elite
random
base
estate
conduct
pair
circle
sniff
attend",parts/storage_jar_clip_top_kilner_3000_ml_capacity_140_mm_diameter_280_mm_depth_kilner_0025_494,00254,KI,00254,eliterandombaseestateconductpaircirclesniffattend,S,Storage,eliterandombaseestateconductpaircirclesniff,0025_494,,j,JAR_,3000,0025,"['elite', 'random', 'base', 'estate', 'conduct', 'pair', 'circle', 'sniff', 'attend', 'employ', 'electric', 'afraid']",oomp_storage_jar_clip_top_kilner_3000_ml_capacity_140_mm_diameter_280_mm_depth_kilner_0025_494,elite random base estate conduct,3,488ed2,storag,3,002,002,,3000Mlcapacity140mmdiameter280mmdepthkilner0025494,,j,3000M,3000ml,3,Storage,jar_,JA,elite<br>random<br>base<br>estate<br>conduct<br>pair<br>circle<br>sniff<br>attend<br>employ,elite random base estate conduct pair circle sniff attend,K,elite-random-base,300,KILN,elite<br>random<br>base<br>estate<br>conduct<br>pair<br>circle<br>sniff<br>attend,eliterandombaseestateconductpaircirclesniffattendemployelectric,3,elite-random-base-estate-conduct-pair-circle-sniff-attend-employ,storag,2TX3M,,00,eliterandom,elite random base estate conduct pair,elite random base estate conduct pair circle sniff attend employ electric,eliterandombaseestateconductpair,elite<br>random<br>base<br>estate<br>conduct<br>pair<br>circle<br>sniff<br>attend<br>employ<br>electric,[],3000ML,3M,3000_ML_CAPACITY_140_MM_DIAMETER_280_MM_DEPTH,KILNER,elite-random-base-estate-conduct-pair-circle-sniff-attend-employ-electric,,elite_random_base_estate_conduct_pair_circle,3000,"[':hatched_chick:', ':clipboard:', ':pineapple:']",ST,300,3000 Ml Capacity 140 mm Diameter 280 mm Depth,3000,kiln,STOR,3M,0025_4,kilner,elite<br>random<br>base<br>estate,elite random base estate conduct pair circle sniff,Jar Clip Top Kilner,"['hatched_chick', 'clipboard', 'pineapple']",,3000,0025 494,"elite
random
base
estate
conduct
pair",KIL,30,002,elite,jar_clip_top_kilner_3000_ml_capacity_140_mm_diameter_280_mm_depth_kilner_0025_494,elite_random_base_estate,002549,3,488ed23874cd65267c1764d625ec6a40,eliterandombaseestateconductpaircirclesniffattendemploy,jar,elite<br>random<br>base<br>estate<br>conduct<br>pair<br>circle<br>sniff,elite_random_base_estate_conduct_pair_circle_sniff_attend,Kilner,elite_random_base_estate_conduct_pair_circle_sniff_attend_employ_electric,KILN,s,JAR,30,488ed,storage_jar_clip_top_kilner_3000_ml_capacity_140_mm_diameter_280_mm_depth_kilner_0025_494,488ED23874,jar,"elite
random
base",3,STORAG,,K,elite-random,stor,[storage_jar_clip_top_kilner_3000_ml_capacity_140_mm_diameter_280_mm_depth_kilner_0025_494](https://github.com/oomlout/oomlout_oomp_current_version_messy/tree/main/parts/storage_jar_clip_top_kilner_3000_ml_capacity_140_mm_diameter_280_mm_depth_kilner_0025_494)<br><br>,[storage_jar_clip_top_kilner_3000_ml_capacity_140_mm_diameter_280_mm_depth_kilner_0025_494](https://github.com/oomlout/oomlout_oomp_current_version_messy/tree/main/parts/storage_jar_clip_top_kilner_3000_ml_capacity_140_mm_diameter_280_mm_depth_kilner_0025_494)<br>[](https://github.com/oomlout/oomlout_oomp_current_version_messy/tree/main/parts/storage_jar_clip_top_kilner_3000_ml_capacity_140_mm_diameter_280_mm_depth_kilner_0025_494)<br>[Storage Jar Clip Top Kilner 3000 Ml Capacity 140 Mm Diameter 280 Mm Depth Kilner 0025 494](https://github.com/oomlout/oomlout_oomp_current_version_messy/tree/main/parts/storage_jar_clip_top_kilner_3000_ml_capacity_140_mm_diameter_280_mm_depth_kilner_0025_494)<br><br>,,0,,JARCLI,[],,elite random base,00,eliterandombaseestateconduct,sto,k,488ed23874,jar_c,kil,s,KILNER,elite,3000mlcapacity140mmdiameter280mmdepthkilner0025494,,30,elite random base estate,3000_ml_capacity_140_mm_diameter_280_mm_depth,elite<br>random<br>base,elite random base estate conduct pair circle sniff attend employ,elite random,elite_random_base_estate_conduct_pair,stor,30,Kilner,KILNER,:hatched_chick: :clipboard: :pineapple:,0025,elite random base estate conduct pair circle sniff attend employ electric afraid,jar_clip_top_kilner,jar_cl,Jar Clip Top Kilner,,3000_,S,k,elite<br>random<br>base<br>estate<br>conduct<br>pair,3M,"elite
random
base
estate
conduct
pair
circle
sniff
attend
employ
electric",0,2tx3m,elite-random-base-estate,3000140280,sto,kilner3l,kilner,0,elite-random-base-estate-conduct,elite-random-base-estate-conduct-pair,https://github.com/oomlout/oomlout_oomp_part_src/tree/main/parts/storage_jar_clip_top_kilner_3000_ml_capacity_140_mm_diameter_280_mm_depth_kilner_0025_494,,kilner_3_litre,3000Mlcapacity140mmdiameter280mmdepthkilner0025494,elite_random_base_estate_conduct_pair_circle_sniff_attend_employ,elite,eliterandombaseestateconductpaircircle,kilner3liter,J,elite_random_base,,,KILNE,,j,elite random base estate conduct pair circle,STOR,elite,https://github.com/oomlout/oomlout_oomp_current_version_messy/tree/main/parts/storage_jar_clip_top_kilner_3000_ml_capacity_140_mm_diameter_280_mm_depth_kilner_0025_494,K,"elite
random
base
estate
conduct
pair
circle",elite<br>random<br>base<br>estate<br>conduct<br>pair<br>circle,eliterandombase,elite_random_base_estate_conduct_pair_circle_sniff_attend_employ_electric_afraid,3000 Ml Capacity 140 mm Diameter 280 mm Depth,Jar Clip Top Kilner 3000 Ml Capacity 140 mm Diameter 280 mm Depth Kilner 0025 494,STORAGE,hatched_chick clipboard pineapple,ja,,0025_,JARC,488ED,elite-random-base-estate-conduct-pair-circle-sniff-attend-employ-electric-afraid,"elite
random
base
estate
conduct
pair
circle
sniff",stora,0025.494,KIL,ki
